"GBSid","PH","LW","FT"
480,174.6,34.4,66
1004,149.3,31.8,59
2928,125.2,27.3,105
729,155.9,19.4,75
1437,202.5,35.46,71
4857,161,29.4,84
3449,156,27.38,52
3286,215.4,29.6,55
5347,143.2,20.6,48
1314,205.8,37,69
2596,122.6,33.2,48
826,167.4,20.8,65
4114,188.4,21,72
768,135.8,34.4,46
1588,126,25.8,60
1127,121.03,27.04,44
1050,193,35.5,57
30,147.8,29.73,61
4150,181.3,20.8,84
5325,136.824,21.595,44
409,151.2,26.34,59
5223,170,28.3,65
2523,150.4,31.1,55
1679,166,34,48
3781,230.8,28.76,88
3762,174.6,31.9,61
3941,179.5,24.4,64
2369,145,34.6,62
1858,155,27.1,55
4097,178,20.6,68
4515,153.9,28.5,62
520,159.6,19.9,58
2671,130,23.5,58
5180,164.4,41.4,59
2131,184.6,32.06,75
1699,149.2,14.9,60
1104,142,35.83333333,60
5934,101.4,24.8,49
1698,112,26.8,54
3730,119.9,31.8,50
2814,141.02,30.06,89
2935,111.6,23.6,73
5163,139.3,20.7,62
2330,165.8,27.5,62
4478,119.2,33.6,64
592,124.4,27.94,43
4121,173.6,26.4,60
4495,164.87,21,59
4659,165,28,60
382,70.8,24.2,42
1996,156.8,35,72
1838,87.54,20.6,41
1520,133.2,31.14,51
549,150,30.5,86
2237,141.7,29.6,56
3230,129.6,37,49
1502,121.4,12.6,31
1616,92.8,22.7,43
5967,161.4,23.05,41
3355,160.8,30.8,46
3146,119.6,35.3,47
71,198.4,30.1,61
2027,123.4,24.5,68
3916,164,27.16,61
1148,120.9,23.9,62
2535,168,33.74,56
1960,133.4,19.56,64
3952,164.8,22.1,56
4940,147.07,35.87,67
4158,116.3,17.6,67
2693,129.2,19.4,51
111,236.2,31.3,65
4315,148.3,30.5,48
4331,192.53,31.73,52
5548,136.6,22.3,90
4583,191.4,28.8,67
84,160.4,26.9,51
3976,139.53,34.61,58
2361,143.07,33.2,63
455,154.9,35.15,72
297,137,23.1,52
1293,164.4,20.6,68
174,189.6,41.8,66
745,146.3,34.2,70
1985,178.32,20.02,60
5643,112.6,24.8,78
383,169,27.8,53
2571,172.84,32.86,68
4644,125.8,22.6,61
4258,144.2,34.7,58
1316,174.6,31.5,60
1563,143.8,32.28,55
1145,148.6,21.5,53
2136,197.2,32.3,64
3322,160.42,25.92,60
4170,116.2,31.3,49
849,175.2,21.1,79
1190,161.3,16.3,67
5648,114.2,18.7,61
4680,161.1,30.7,60
4249,147.3,33,90
4385,156.4,36.5,73
4131,149,36.8,73
3207,148.8,36.2,46
639,169,18.4,39
3935,127.06,25.86,56
853,167.8,21.6,80
4992,150.352,23.87,60
5029,128.2,18.53,63
2899,153.4,26.72,55
2028,127.8,21.9,50
1817,154.2,19.2,44
330,134,31,61
4297,173.73,36.96,74
4227,107.4,27.48,47
1710,172.77,33.5,68
3763,163,19.7,56
5752,157.6666667,21.26666667,63
3492,199.65,25.7,64
3365,142.2,23.1,52
482,184.8,29.5,54
4678,189.8,28.5,64
2327,162.25,32.1,69
1051,189.4,34.7,60
2258,176.4,24.2,60
4008,120.4,16.2,49
2529,189,38.1,62
4559,159.8,41,74
1575,175.2,31.88,57
4851,161,31.3,63
1770,104,18.8,50
2448,150.8,28.1,66
428,161.5,30.5,63
1854,146,30,54
4724,148.7,30,50
4381,179.9,31.5,66
1931,191.6,17.7,65
466,178.2,32.7,63
5947,82.7,25.9,47
1962,154.6,31.8,60
375,150.4,30.2,61
1430,199.5,41.1,74
1631,146.6,25.8,56
4652,138.1,21.2,67
5940,186.1,26.5,64
5222,243.5,31.35,66
1883,209.2,23.6,67
3810,169.6,28.2,66
5579,179.5,30.5,73
2500,186.35,32.75,66
821,149,18.6,66
5576,152.3,27.1,86
781,125.3,16.6,60
1792,139.8,31.32,47
2479,157.024,33.98421053,54
3739,151.2,36.6,62
2449,158,23.3,68
994,185,33.6,56
2329,163.59,29.6,61
1120,164.35,30.8,70
3927,155.86,29.17333333,63
4133,154.1,16.14,68
2659,103,10.6,62
1114,225.2,34.62,59
3290,197.6,28.8,56
401,98.75,26.5,41
54,123.2,30.1,60
426,181.678,28.2,83
4327,141,27.6,45
1060,163.8,30.3,68
708,161.4,25.2,72
2690,161.64,24.56,40
1330,192,31.34,61
1901,162,19,47
673,142.6,18,46
2643,153,38.6,76
4301,167.67,33.13,76
4665,156.688,38.5,57
3151,125,32.2,49
3361,189.4,23.8,52
2966,117.857,20.71,55
4373,145.09,26.3,65
5098,136.6,23.5,52
12,172.99,25.2,53
783,119.7,16.9,57
3535,204.5,25.55,65
3306,181,31.4,56
4125,133.8,32.5,39
5637,65,31,113
4792,142.93,35.67,82
4051,168.6,31.4,61
4188,141.3,12.7,62
4304,166.4,34.35,69
3323,181.72,21.9,54
5740,164,27.4,60
2461,153.8,29.5,62
4605,157.2,19,64
3825,185.2,32.8,61
5696,126.4,18.8,57
4243,185.4,34.2,75
2584,152,26.32,61
45,155.4,31.2,65
5960,173,23.57,48
2126,159.56,26.82,53
4578,208.8,34.73,74
138,149.5,21,60
5276,153.4,29,63
4742,184,24.15,81
1944,156,19,47
2266,160.4,33.98,62
470,131.5333333,35.05333333,80
2604,104.5,35.3,41
2579,146.8,28.6,61
615,111.6,24.1,64
410,145.6,30.06,54
184,138.2,24.2,60
5183,137,15,58
1472,143,33.08,54
1465,149,23.5,59
3385,173.8,24.2,50
5225,177.5,36,87
1357,180,23.2,78
1668,126,22.2,59
2277,160.8,27.8,70
1585,178.6,28.64,63
2349,140.6,33.28,65
5271,162.7,26.2,70
6010,163.65,31.02,45
4786,139.13,27.6,76
4211,154.4,34.5,63
1507,129,37,50
1741,183,24.6,67
31,133.5,21.9,51
4406,146.6,29.24,62
1364,178.4,27.8,65
1731,114,20.6,68
5745,143.6666667,21.6,50
215,162.6,29.6,53
3989,174.16,33.18,65
2052,178.3,27.36,63
2438,172.17,38.74,63
4779,181.7,33.1,60
4486,168.7,26.9,62
3881,101.6,20.8,49
1073,155.8,33.96,66
1848,141.6,28.61,47
2341,145.1,24.65,56
434,158.4,31.2,63
4622,177.4,32,61
2641,120,10,73
1515,125,27.6,48
1017,178.27,33.45720259,60
542,148.2,18.36,51
2624,104.6,28.8,45
4477,139.12,13.9,69
364,70.6,26.4,43
4879,169,33.2,65
5331,125.8,21.1,58
4917,150.01,28.4,77
5224,153.4,23.9,59
3987,169.8,36.5,63
2574,235.5,27.14,77
4184,111,27.1,50
2955,135.5,30.95,53
1256,59.6,15,71
4608,129.26,18.86,60
1030,138.8,20.74,57
4284,166.5,34.9,61
80,153.9333333,35.9,56
1727,84,13.8,46
5993,107.6,21.54,28
529,175.56,21.34,79
76,123.3,31.8,65
2256,166.4,31,69
1362,214,38.5,62
1366,150,29.4,66
4823,185,33.8,57
3424,92.4,17.9,61
2747,120,24,63
2809,111.6,19.2,70
5660,128.8,23.9,47
2022,142,14.66,65
5952,NA,NA,NA
3936,119.4,22.1,46
1717,145,14.3,68
4404,172.7,33.26,59
5280,153.9,29.6,60
534,156.6,26.75,56
1604,126.8,38.9,63
5759,216.3333333,22.66666667,60
5721,120.6666667,18.6,61
730,128.3,28,71
3444,145,8.5,60
4927,132.4,22.93,64
5997,195,23.4,51
25,133.2,26.9,58
1329,125.34,24.84,55
4755,192.3,26.65,62
3266,172.6,30.6,56
2536,148.6,30.06,56
3767,172,28.8,60
2153,155.8,19.1,60
3759,226,32.5,62
3733,179.6,28.88,59
816,168.8,20,54
1694,144,12.5483871,71
294,135.4,22.6,47
278,153.6,26.2,60
224,147.8,21.8,60
1557,112,19.9,60
3060,177.2,37.68,55
5626,132,18.8,57
2672,114,13,66
3871,108.4,19,48
3203,125,33.96,39
4230,165.3,40.4,60
1276,144,25.1,57
5464,111.9,19.72,37
3338,155.36,18.82,59
421,152.7,28.8,63
1669,150,13.6,66
810,193.4,22,64
5035,148.4,26.4,50
300,139.6,24.6,58
4286,158,35.2,63
2691,154.8,23.7,56
3097,117.6,41.2,43
3727,141.5,26.4,60
800,115,20.9,58
2885,91,16.4,69
3850,140.4,21.7,60
3531,36,12.3,45
4001,133.6,17.6,75
267,145.8,24.2,62
3836,189,28.7,52
4259,122.2,17.67,63
242,174.6,43.6,50
2635,170.2,28.6,66
2285,163.8,23.8,57
3923,212.2,26.78,59
776,166.2,35.2,51
5128,151.68,20.2,71
3179,156.4,36.4,48
785,100,22.6,44
2130,144.2,21.04,53
1764,99,18.2,70
354,106.2,31.6,53
6051,134,25.7,49
6021,197,23.66666667,52
4912,127.07,27.8,53
807,170.2,21.4,62
2755,98.02,30.7,61
2525,187.8,30.56,58
3106,139.4,38.4,47
52,116,34.6,66
808,187,22.3,69
2696,102.4,20.92,86
2790,91.6,13,62
20,129,24.8,51
4760,173.1,34.4,62
1203,160.4,24.6,69
1236,165.7,27.4,66
736,127.4,28.5,53
5368,134.3,30.75,74
618,138,24.3,58
3003,129.8423077,34.5,40
2229,84.3,10.3,37
1702,165,27.7,62
747,129,21.5,57
2390,155,21,68
3644,184,41.9,69
4834,157.4,36,63
3329,163.12,32.6,71
3049,122.72,29.16,66
450,123.4,20.6,47
2520,153.8,36.3,59
2763,92.5,20,39
488,138.6,31.2,51
4066,181.3,25.3,85
2675,178,30.1,53
3798,151.8,33.6,59
2709,85.8,9.4,65
775,126.9,23.2,50
6012,152.6,31.23,46
476,202,35.6,68
4246,154,29.6,72
1870,154.8,19.7,75
4662,191,28,61
679,91.6,16,16
1504,125.4,29.18,48
765,129.2,20.3,50
4273,146.3,17.7,60
46,164.4,31.6,55
4260,134.2,32.1,71
128,171.6,24.8,73
2728,113,24.4,75
4954,154.13,33.73,56
396,104.4,27.8,61
4074,172.8,36.35,86
3649,234.6,30.4,78
10,139,27.73,52
2263,171.7,21.4,68
5250,186.8,33.4,66
3046,144.6,35.64,65
4204,176.8,18.3,51
4648,132.4,24.2,72
2100,156.58,27.36,53
5580,189.3,32.7,83
1528,118.2,32.3,51
3335,154.88,30.86,70
2824,110.6,12.2,61
2428,143,18.2,87
4316,153.2,33.72,56
1773,111,20.6,54
5320,182.4,25.25,82
3184,115.2,35.8,47
5213,118,25.8,62
36,161.333,34.93333333,52
4537,177.2,25,62
1106,166.2,30,55
1026,202.6,40,66
3158,148.2,28.84,49
677,102.3,19,77
2384,150,15.8,61
4874,135.6,33,66
3698,179.6,24.2,59
3009,149.15,21.025,48
3026,97.5,32.4,45
1821,126.6,24.6,43
1494,138.4,30.4,58
4419,133.07,31.7,56
4663,135.6,24.3,52
1828,148.8,26.2,46
4753,213.9,37.75,79
3760,198.4,33.6,61
3707,177.4,30,64
367,139,27.6,61
463,137.6,32.1,56
2430,115,17.2,68
2742,109.1,30.2,40
5432,147.2,32.31,44
4840,204.6,31.2,67.6
3960,128.2,21,66
3632,128,10.4,64
1415,196,34.2,73
2272,166.4,34.7,59
6015,148.85,30.91,49
5321,110.2,18.9,59
2681,156.2,32.36,85
4451,153.1,17.9,64
1506,150.6,31,64
1299,143.4,30.04,71
2932,102.2,26.8,74
4846,168.304,25.4,67
2940,110.65,26.5,48
33,157.53,29.4,52
1675,170.8,32.6,46
5294,171.8,36.1,63
3348,142.4,29.3,38
448,178.6,17,50
3915,144.4,31.2,54
2045,141.9,16.74,48
4225,133,22.8,38
1663,90.7,23.5,47
3949,130.932,27.76,59
4303,162.1,32.05,50
1990,154.6,18.5,60
2160,148.9753086,32.73,54
2734,149.6153846,18.3,59
3641,192.8,31,77
1835,116,25.7,52
241,138.8,32.9,53
4398,202.1,18.7,63
2754,100,14.9,29
4525,186.4,28.8,66
4231,94.2,23.78,47
1447,158.26,28.7,68
1164,150.4,34.76666667,57
1103,168,27,72
234,151.8,33,45
3248,193,37,60
1188,125,19.5,57
3032,113.4,34.6,60
3393,164.8,22.3,46
1423,146.733,33.26666667,49
5482,118,24.17,36
2396,149,20,67
4547,166,28.8,60
2898,135.4,30.76,47
1809,117.2,31,57
3595,196.8,33.35,78
2992,135.7,24.1,50
4539,149.8,30.7,62
3809,169.6,18.78,60
2841,122.4,18,67
5299,148.2,32.7,75
5370,169.8,33.6,68
3667,136,19.6,60
5212,168,29,63
4283,172.7,34.3,57
4993,167.8,26.13,59
4175,95.45,30.9,39
1479,157.8,29.6,54
4138,182.7,26.9,65
2963,157.625,33.51,30
721,125.22,30.8,57
4603,186.4,37.2,61
4586,187.4,28.8,68
1131,146.8,35.26,52
2700,126.8,24.8,61
4882,144.2,27.8,58
662,121.24,32.04,48
2818,141.4,17.6,67
1404,170.2,31.3,102
2994,126.35,16.6,55
4490,175.6,29.5,59
4468,228.5,43.95,79
5710,162,22.2,61
4288,154.8,23.2,68
1736,89,16,46
2087,191.94,41.8,58
1519,144.8,26.78,50
2827,98.4,17.8,61
6023,173.7,26.45,43
4748,163.552,32.92,49
2097,140.54,25.9,71
411,155.8,24.58,46
1893,154,21,52
3663,197.8,33.3,70
4749,181.3,32.6,62
5708,150,22,61
5193,150.9,24.4,76
3138,119,41.76,52
4079,155.6,17.4,49
2806,99.4,16.6,68
2636,131,12.1,71
2134,171,29.7,58
1676,162,19,63
3006,138.5,11.6,58
4810,115.6,18.07,67
2988,108.62,26.36,55
5144,114,19.8,46
4377,192.9,40.35,64
4809,120.47,21.33,59
1653,128,23.8,61
824,149.4,15.2,56
701,106.8,20,46
1681,181,29.8,54
3427,167.8,31.72,64
4412,125.1,17.2,67
6027,176.7,23.2,41
4701,160.8,40.3,60
1805,106.8,18.1,52
192,140.6,32.5,54
2783,100,19.4,64
5574,160.5,35.4,79
56,186.8,33.8,62
1303,160,25.4,69
4434,150.2,32.31,60
1873,183,24,55
4528,154.13,23.79,60
3360,190.2,26.7,49
3870,110.8,23.6,50
1687,138,28.4,69
2653,144,22.4,77
2927,114.4,26.3,67
1700,103,15.4,59
264,143.2,26.2,66
5995,171.9,17.75,41
2253,150.698,37.38643103,42
3319,143.52,27.08,61
3971,172.3,29.36,69
2545,143.2,16.2,45
3719,180.5,32.1,69
1839,NA,NA,NA
2658,126.8,16.37837838,35
1456,159.32,34.8,73
6034,171.5,22.05,49
5933,129.1,21.4,51
2467,169.8,30,58
178,112.8,27.8,51
202,124,24.3,57
4228,168.8,33.8,67
38,142.6666,40.76666667,47
4418,180.66,26.83,59
3257,261.2,29.6,65
324,105,28.6,54
3702,190.2,35.6,63
4698,150,20.55,76
1626,140,15.33333333,57
4078,193.4,26.5,55
306,174,30.8,55
3229,102.4,32.2,48
1894,152,23,43
5274,152.02,32.87,62.5
4934,127.33,27.6,41
3706,125.6,25.2,65
731,144.7,18.5,74
272,185.6,35.8,53
3967,143.16,33.06666667,54
5272,167,33.8,65
4770,190,31,61
1359,179.6,37.73684211,69
3034,129.8,33.5,64
4399,170.5,43.15,76
4977,189.27,24.8,56
2290,153.2,35.35,60
1842,156.7,25,121
3313,187.8,28.2,62
1147,165,32.94,65
1386,160.2,28,53
1683,113,15.8,45
1054,193.6,34.56,61
561,147.8,27.6,78
5413,128.55,35.85,38
3036,174.1,27.78,50
6000,197.6,27.9,53
1903,157.4,26.18,43
3119,158.2,37.44,44
1239,167.7,27,85
3066,167.8,23.6,56
5974,122.4,22.15,34
6003,138.9,35.02,47
5120,142.96,27.9,83
1176,172,35.9,56
2585,170.8,25,61
5149,125.4,29.2,55
546,142,31.2,58
2707,113.86,24.86,53
3534,36,12.3,26
3951,177.4,24.3,63
2789,110.4,20.56,67
537,163.2,20.7,53
3742,170,26.6,57
1282,144.6,27.22,50
4353,213.1,42.45,77
551,110.4,21.6,57
4709,187.4,24.9,73
4841,145.6,29.6,59
3169,149,36.44,50
4076,170.13,23.8,62
2808,101.4,23.2,58
3896,110.9,15.8,45
3924,156.2,31.48,59
414,149.6,35.08,61
2680,163.92,8.72,66
1667,128,12.8,NA
535,162.5,27.8,61
2005,182,26.4,64
3897,166.23,19.44666667,54
4236,138.8,22.2,91
4708,131.5,36.5,49
3695,162.6,31.7,61
1642,117.9,21.4,54
4326,240,32,84
1510,134.248,33.06,50
2708,143,24,54
398,107.7,22,51
3712,186.6,34.3,73
2941,93.4,30.05,52
2398,141.2,21,65
5360,120.7,24.9,51
5155,113.8,27.04,45
2024,168.08,21.26,68
2043,177.94,35.66,59
3413,156.8,27.6,65
1458,181,30.5,80
4821,147.1,38.2,62
5111,143.4,18.3,73
2599,96.5,33.3,50
4702,145.4,28.7,59
2025,139,21.5,68
1165,164.2,32.53333333,52
3194,157.6,37,43
653,179.3,23.5,56
1346,201.4,24.6,77
2468,119,32.25,48
2116,152.3,17.7,60
3210,138.8,37.6,45
798,117.6,20,55
185,165.8,43.2,51
5172,122,29.6,61
1634,115.2,20.56,50
560,124,30,76
1354,214,29,88
2297,146,32.4,69
5654,153,24.7,78
2958,171.9,27.9,53
2828,93.8,21.8,57
4683,154.2,30.4,79
5939,131.3,27.6,49
5911,107,25.5,51
5056,111.13,22.07,57
3263,198.2,28.4,58
528,179.3,24.7,70
5725,113.6666667,17.06666667,55
5270,160,31.4,59
1552,122.2,20.8,58
5657,90.2,17.4,57
3224,127.4,31.6,47
1544,113.2,20.36,44
748,80.4,13.6,55
2967,94.85,23.65,53
1061,173.8,36.6,62
5542,172.9,28.2,77
5174,142.8,33.14,64
8,178.8,31.4,59
216,162,36.1,71
3315,142,16,107
3587,173.6,40.5,62
214,115.8,27.1,60
4548,151.4,26.63,59
4220,216,28.8,83
3599,139.2,28.9,62
295,171.8,26.5,59
5168,134.2,36.8,51
2777,146.4,16,67
1802,85,13.6,NA
2163,159.466,37.76666667,58
1425,168,30,54
181,151.2,33.2,67
3794,211,25.78947368,60
3793,188,35.9,59
4675,177.4,29.4,87
2999,145.5,25.3,49
1542,126,26.46,58
70,160,29.5,62
2455,193.4,37.7,65
4262,146.4,20.3,59
206,127.8,23.5,60
1278,208.6,29.82,56
2957,130.7,16.44,46
2907,138.4,28.4,64
1751,89,17.4,51
516,173,28,77
5389,236.4,35.8,83
3228,130.8,37.2,49
1416,177.8,25.4,63
2615,98,32.8,43
168,149.6,28.2,61
5229,175.2,26,68
4298,188.3,31.8,61
3414,137.2,20.66,46
3439,145.4,27.9,48
2622,105.4,34.8,50
1324,128.52,33.92,51
3968,179.3,37.2,50
1158,157.73,38.2,57
842,129.1,24.02,61
1608,113.2,34.1,41
1543,116.6,20.76,51
2905,137.6,25.58,46
1639,120.2,21.4,51
1768,102.4,21.8,66
2314,160.25,29.2,66
1442,108.1,26.75,67
1968,164.6,25.5,57
2316,140.8,31.8,66
1487,170.2,37.7,58
4447,268.1,24.8,96
2594,91.7,33.7,43
5625,113.6,19.8,55
5206,178.1,35.25,68
645,145.1,23.1,49
3779,149.7,28,53
1841,125.5,20.25,52
4267,176.4,32,60
3700,190,31.1,56
1433,196.8,32.6,77
1431,173.042,35.2,69
3784,157,23.7,68
843,145.06,27.24,56
5048,141.6,28.7,75
4664,158.2,30.28,78
2446,188.2,16.7,62
4383,182.2,22.9,66
4444,159.4,32.2,64
1281,144,33.6,46
2372,159.6,34.26,65
3914,188.4,28.34,61
1075,177,26.6,63
2321,178.6,26.3,59
5409,143.4,23.05,56
4271,112,23.2,60
2041,139.92,34.6,66
5198,167.8,31.45,78
2093,180.88,34.62,53
3121,117.6,34.2,43
4201,116.2,22.2,54
3440,144.8,28.6,86
3116,117,22.3,43
162,149.7,25.6,70
3296,180.8,16.25641026,53
2082,166.44,38.26,50
4005,151.8,10.2,60
3291,173,25.2,57
4738,182.008,32.64,62
3461,157.738,35.8,44
5249,190.2,39.8,64
5449,120.5,39.28,27
2252,197,28.3,64
1986,165.6,21.8,60
3972,182,32.6,68
3883,114.4,17.5,41
3590,224.65,32.3,65
2443,115.5333333,31.4,61
2457,164.4,31.5,57
5140,155,32.2,58
3390,126.5,23.56,57
806,162.8,26,89
1999,162,28.2,69
1945,160,20,49
2334,211.4,31.76,56
5937,166.8,26.2,58
230,163.2,35.76470588,50
2366,128,34.45,67
5066,192.2,24.4,63
2952,123.95,36.35,48
1512,138.4,32.24,50
1811,111.4,15.8,39
238,172.8,39.6,51
827,155.2,18.9,68
4492,177.902,35.39,59
4725,200.9,23.35,79
5304,142.1,21.16,62
313,152.6,34.2,54
1223,136.5,24.4,103
712,152.2,26.7,74
2303,167,24.2,59
4642,183.8,31.1,64
562,84.6,28.8,60
5342,159.5,26.8,64
196,134.1,27.1,66
3648,179.6,41.4,77
2544,109.8,15,43
490,246.6,31.1,63
2676,170.6,23,62
610,108.3,14.8,52
1116,197.4,31.22,56
1677,138,18.5,70
1393,179.1,32.2,60
6031,145.6,24.45,51
2867,116,27.1,67
2757,121,18.8,63
4461,158.8,34.1,62
223,150,24.1,68
3333,162.06,24.82,63
5117,168.6,19.9,75
767,103.7,20.6,47
1149,139.5,20,59
1087,121.18,29.77,50
4349,195.8,42.9,74
780,174,20.9,59
189,152.2,32.1,56
3381,129.8,18,52
4154,141.4,11.6,43
2613,95.4,33.8,46
1707,134,28.5,52
2033,162.4,32.9,54
5096,222.2,30,78
3705,182.8,30.8,66
3314,191.4,34.8,55
4209,135.8,35.48,58
3899,126.632,19.2,60
1692,161,24.4,72
2528,173.2,32.94,56
1339,125,13.5,64
4049,223.9,24.7,69
5639,99.6,18.6,43
34,131.4,38,59
2450,186.2,41.2,64
5694,141.2666667,22.13333333,60
3796,165,24.3,63
419,180.4,33.4,60
1830,118,21,47
1309,178.6,23.3,67
485,148.9,27.6,66
1579,110.8,27.26,49
2146,151.8,32.2,56
2032,158,34.4,54
4384,200,22.6,59
657,154.6,26.7,58
4660,150,30,NA
739,142.8,26,54
2801,127,20.2,77
1315,170.52,23,74
2307,178.6,35.1,59
1136,155.3,26.1,64
1241,153.8,23.8,64
838,144.35,22.625,55
3362,186.4,25.8,52
5680,72.86666667,13.86666667,60
126,232.4,35,69
6052,134.75,23.0625,51
2712,143,25.8,58
1367,164,36.3,64
3330,112.48,17.12,61
4526,149.872,27.9,59
1535,133.6,27.6,49
3635,121,9.2,61
3302,169.4,29,58
2978,40.6,18.3,58
1580,142.4,33.4,53
4358,168.8,39.7,65
3868,104.4,17.2,39
3010,119.4,19.72,37
3004,135.2,29.1,52
157,162.6,19.2,59
2909,113.4,19.8,48
3885,102,16.8,51
1015,161.8,33.5,69
1995,154.4,18.2,62
2864,100.8,14.6,39
3890,105,18.6,66
5312,137.3,20.45,58
3239,169.8,14.41441441,57
443,153.3,22.9,61
4369,139.25,14.5,69
3965,140.8,23.7,65
3788,153,23,63
1209,118.6,24.6,62
3580,231.8,32.02,65
2374,145.6,31.6,59
2991,149.2,16.62,43
5456,125.5,24.95,35
5622,129.6666667,19.86666667,63
1619,128.4,24.9,56
2936,85.2,15.4,67
3805,169.8,24.4,66
3054,178.02,31.3,59
1445,240.8,31.9,69
539,172.6,20.82,56
4745,152.58,23.57,50
4440,178.32,25,60
1827,142.2,23,43
3745,199.6,33.8,62
3974,175.78,31.3,59
2965,91.05,36.7,59
3602,128.2,32.9,68
1932,197.8,30.6,63
44,127.4,40.76666667,58
1618,123,17,NA
638,150,21.6,53
1587,109.3,21.4,58
3050,157,31,52
1558,142.8,31.42,53
2074,181.54,33.08,68
120,149,29.2,62
5439,141.6,39.38,38
1949,158,20.5,51
173,175.2,28.4,70
1410,141,25.2,50
3665,131.5,20,82
3295,164,30.2,53
3852,154,35.8,63
1969,143.6,20.2,58
1636,137.2,28.5,48
4849,140.2,26.8,60
2792,100,15.4,65
1368,142.5,35.1,61
384,80.8,25,40
1749,115,16.2,59
3378,149.8,19.26,55
2773,122,22,61
2590,109.9,36,41
3623,193.4,22.8,52
4563,186,24.5,69
4512,138.1,28.1,64
1722,113.4,16.4,70
4558,157.4,24.7,67
5082,222,26.8,76
1538,145.2,28.4,51
533,154.4,31.65,62
53,117,27.2,62
4719,185,37.8,71
687,117.1,20.3,35
622,129.6,20,51
5308,197.3,26.6,94
2325,169.4,31.54,70
3832,124,25.5,60
3272,185.4,31.6,50
3214,135.4,35,45
233,141.6,28.5,69
1911,154,16,49
1392,146.3,39.3,80
4837,174.4,27,61
4330,243.33,32.87,55
2012,142.22,16.7,47
5219,152.9,32,83
654,134.5,23.4,53
3539,31,13.3,30
163,141.1,26.7,59
3740,159,24.68,47
2881,110,20,46
2222,101.5,24.9,44
5474,111.9,31.01,38
3137,127,39.84,52
3691,175,29.38,73
2543,158.2,35,65
2225,52.4,7.6,41
2322,130.83,31.65555556,52
2375,142.6,30.5,65
4716,171.2,30,59
5161,105,30.81,63
5734,186.6666667,25.2,63
141,176.8,32.6,54
5381,178.4,36.3,57
2377,117,15.8,68
5913,85.3,21.6,58
257,132.8,27.6,69
4743,183.47,28.01,64
3721,168.2,24.7,64
2002,125.8,31.6,56
3613,157.2,36.8,61
1167,161.066,35.86666667,62
5162,124.8,17.4,53
2718,155,11.36842105,53
724,114.7,25.5,63
1594,104.6,27.22,44
1868,201.4,25.8,61
3448,158,22.5,50
1016,195,29.2,66
3234,137.6,33.8,55
2618,109.4,39.1,58
521,216.8,22,130
2629,115,15.7,66
4446,156.958,40.56,63
3205,126,26.8,48
5340,134.205,18.5,64
200,156.2,21.5,62
786,171,29.2,105
4069,168.2,37.3,71
5481,136.1,33.52,40
5126,139.8,40.06,55
659,145.6,18.6,54
134,213.4,25.3,62
5252,165.2,31,65
5226,251.8,22.1,106
2119,165.8,29.86,61
3396,93.88,15.68,50
5233,168.018,28.5,65
4761,137,28.53,75
3091,111.5,37.58,45
1529,165.8,26.3,48
3369,156.3,30,49
3298,203.6,23.8,62
5642,105.4,23.7,61
1464,145.1,32.85,58
4855,155,26.9,67
4645,120.8,29.1,70
2567,201.4,43.54,68
1317,143.41,35.44117647,49
1213,136.2,24.5,103
1748,93,18,59
1680,153,21.4,69
1602,129.4,32.3,59
292,145.6,28.5,59
1524,149.8,22.94,52
1196,125.9,18.7,65
5629,115.8,27.4,70
2923,102.4,18.9,61
2273,190,31.46,56
1409,156.2,32.6,58
5479,135.7,34.47,40
2103,152.88,19.98,87
2959,114.3,27.77,45
4291,156.5,33.51,59
3167,126.8,32.14,50
1781,84,18.4,51
2842,127,23.8,68
6050,118.4,14.26,37
2031,177.04,21.52352941,59
4173,172.7,23.4,70
3155,128.6,36.3,46
4944,133.27,29.47,59
4832,184.64,32.7,65
4153,139.8,11.4,50
1385,111.33,26.93,52
4135,133.2,33.3,55
4853,145.9,30.8,63
3607,144.13,31.32,57
2489,186.8,34.4,65
2819,133.8,20.4,69
4614,122.8,32.4,59
381,161,25,62
3183,152.6,35.24,48
2987,143.7,36,56
4744,193.2,30.7,68
5269,157.5,28.9,68
4439,174.6,27.3,60
3605,108.4,33.2,45
3190,138,34.4,52
5307,182.6,20.55,62
3797,174.6,22.26,65
5754,175,23.2,105
2652,165,25,60
1576,107,23.84,43
4324,180.5,32,62
1595,136,31.8,62
751,118.1,16.8,46
4124,144.8,27.4,46
3069,195,38.16,57
707,146.7,26.7,66
5965,161,19.83333333,46
3848,151.4,29,61
413,119.48,28.06,51
3399,146.4,17.2,59
2600,128.8,33.3,38
451,87.6,37.05,72
4507,168.5,29.25,70
760,97,21.8,41
2850,110.4,18,60
837,102,26,49
2378,150.6,14.3,50
1453,209.2,34.7,73
1179,173,19.5,67
3065,106.6,32.8,30
85,214.2,28.3,62
5641,123.6,26.2,55
3112,121.64,37.06,27
1300,154.4,22.66,68
3352,121,21.93333333,52
5938,134.9,26,56
5230,158.6,28.4,62
3216,129.1,35.3,47
1156,148.92,35.21,64
2860,128.2,22.2,64
5739,160.3333333,16.26666667,62
3332,141.78,23.4,67
4311,174.5,28.64,62
5099,145.5,33.3,77
2083,169.18,31.86,53
5430,135,31.33,40
4596,186.1,28,59
5346,148.64,20.15,53
788,174.1,21.6,59
109,206.6,30.3,68
113,127.4,39.2,65
457,195.5,34.5,87
1621,118.4,33.4,46
667,115.3,24,44
2766,145,19.2,77
5923,153,28.9,58
5577,148.8,25.8,77
4625,166.8,29.4,68
998,194.8,32.6,60
2445,161.6,29,60
801,124.1,26.2,65
2298,173.4,20.7,56
716,129,22.7,30
3220,120.3,37.5,45
2894,149.8,18.94,65
1674,132,21,59
1402,175.8,35,77
4394,156.3,38.15,84
3568,235,35.75,62
1747,80,18.6,59
145,153,32.8,53
4739,194.3,37.2,66
2815,155.38,31.16,128
4378,191.25,26.8,82
3657,206.4,35.26,67
4044,170,32.7,61
1742,68,12.8,46
1443,145.6,32.25,55
4769,168.4,29.9,57
3279,192.2,20.4,56
3609,142.47,30.11,68
1567,125.4,22.68,55
2811,88.4,21.6,57
1831,160.2,30.4,46
2517,186.7,35,69
2288,186,39.12,60
1369,146,20.4,66
3950,134.6,24.8,59
1787,88,16.6,51
5467,112.4,29.2,59
5310,145.1,23.75,63
2826,98.4,18.8,60
5679,188.8,24.33333333,60
315,143.6,24.6,50
4795,146.93,25.6,59
3569,146.4,31.7,61
1155,131.53,35.72,47
5025,127.4,22,50
2221,34.8,10.6,38
338,141,23.6,52
2803,132,16.6,47
4105,161.5,21.9,58
1859,145.6,41.68,60
2703,159.7,27.87,52
431,184.1,19.4,57
2400,154,25.2,61
4713,159.8,33.38,60
2171,190.6,26.2,61
1581,134,29.7,51
5592,103.1,23.35,34
3227,140.2,38.3,47
229,165.6,30.2,50
1215,150.2,26.9,53
3356,110.6,31.4,50
5930,120.2,21.7,47
4904,147.6,28.6,72
1341,146,21.4,63
2401,127,27.8,37
3407,126.48,20.06,57
3895,154.5,33.3,63
5990,139.8,28.87,43
3087,127.8,30.82,65
4340,166.2,24.4,68
3741,163.5,21,47
2607,115.2,36.7,46
5284,148.92,35.21,64
2797,101,25.4,59
3325,160,21.6,55
4629,165.4,24.5,61
5332,166.4,26.25,89
3772,177,40,59
2235,151.8,29.8,55
624,151.3,25.4,55
5663,122.6,23.4,48
4597,180.9,28.9,62
6041,81.73,9.12,96
475,177,23.84,60
2616,98.2,38.9,43
4458,157.4,23.2,61
2981,92.28,24.26,42
4437,183.9,34.39,59
3642,155.7,35.65,73
5415,139.3,36.9,34
2044,205.6,32.66,71
709,167.8,26.3,73
5257,168.5,22.1,62
569,127.2,34.3,42
1102,169,29,56
2688,127.8,24.26,55
3284,172.4,29.2,57
5169,142.4,31.9,64
4610,198.3,27,65
2507,144,26.6,61
506,226.8,33.7,63
187,177,31.8,51
793,117.1,24,39
1090,161.26,33.23,70
643,155.2,15.9,53
532,166.6,27.6,58
1697,115.8,28.9,48
4681,191.9,27.25,76
2284,158.5,23.3,67
4205,116.4,31.6,69
3104,119.6,40.1,49
3316,162.4,26.6,54
1169,136.6,25.4,70
1208,167.3,25.4,68
5371,149.3,28.2,49
5133,122,28.8,67
1332,177.2,35.2,64
2304,176.2,28.7,53
2057,147.7,21.5,63
3655,165,30.7,61
5013,144.27,22.87,74
5645,201,29.3,59
1326,147.4,26.4,60
454,125.4,20.4,55
3453,134.28,34.14285714,50
5278,175,31,NA
2782,104.8,15.5,40
4842,156.5,32.1,50
4673,151.8,37.7,60
161,159.6,34.8,50
5005,127.192,21.8,74
5670,158.0666667,22.26666667,62
3777,138.4,27.2,54
4756,159.92,32.35,80
1959,120.2,21.9,63
1012,183,32.2,55
236,165.2,36.4,47
1123,222.4,36.38,63
1492,153.8,36.4,76
2670,118.6,19.4,64
88,105.6,23.6,63
6056,170.8,24.55,60
5761,158.6666667,27.33333333,62
692,159,22.4,58
4777,138.54,28.13,74
2831,100.4,17.6,62
848,183.2,15.89189189,72
5246,160.6,29.1,68
4544,200.6,30,68
3024,141,27.1,76
566,125.2,37.2,43
73,174.8,33.7,57
6,149,30.66,63
4825,170.4,33,65
522,210,27,110
1964,159.8,21.7,61
4336,246.33,33.67,66
3679,199.4,37.6,57
2592,129.6,25.5,50
3676,162,29.5,75
2785,122.5,14,84
3428,159,36.66,61
361,156.1,29.1,59
5979,141.75,18.46,40
4930,128.4,27.93,73
5996,168.62,25.48,52
850,212,43.5,58
1183,139.1,22.6,69
4208,179.4,29.4,73
717,188,25,61
199,172.6,31.2,52
4426,168.7,26.3,66
4471,108.4,22.4,65
4194,91.4,23.48,40
675,145.6,34.2,45
4348,185.1,26.2,59
847,172.2,14.79487179,75
1735,96,15.6,66
4070,150.38,24.93,63
4289,135.7,19.05,67
2148,146,31,58
1988,155,29.6,65
3913,182.4,27.2,61
1654,145,23.4,59
2902,128.2,26.58,59
201,154.2,38.9,57
1772,86,19.8,49
4729,201,27.3,66
3944,152,29,65
2357,172.132,21.2,70
2568,110.4,32.5,59
137,164.8,22.9,66
2292,169.1,32.6,68
706,105,15.6,42
1908,155,26,63
2960,134.6,30.15,53
598,126.4,27.52,60
2076,163.4,29.1,68
4465,179.6,42.55,68
5478,112.6,34.21,38
3249,211.2,26.6,57
3494,201.4,30,55
2870,195.3,30.8,59
4172,124.3,16.3,67
2519,215.4,41.85,56
2692,158.52,24.2,63
3618,169.53,34,63
1562,154.8,27.96,58
302,143.8,36.2,51
2884,126.5,21,63
5404,107.744,17.32,59
4545,197,29,68
773,123.6,19.8,47
2007,197.2,36.35,40
209,148.2,31.4,53
3585,179.6,38.4,76
1360,207.6,29.2,72
4776,165,31.3,52
4580,188,39.5,73
1229,118,20.1,56
4897,140.87,32.93,74
3311,213.4,31,59
1572,158.4,25.64,65
404,86.4,23.6,40
1342,224.8,25.8,61
5420,148.95,31.94,27
5453,129.875,26.06,36
524,142,28.4,65
752,125.9,19.5,53
2388,135.4,22.4,68
4086,143.67,29.02,64
394,88.4,25.6,51
5042,145.47,26.73,59
4604,168.6,27.2,61
2223,154.8,23.25,59
5166,154,30.8,71
1906,153,22.9,58
3140,126,30,53
3308,216.4,28.2,60
2254,197.4,36.8,61
3044,158.16,32.12,49
494,183.6,26,72
1019,174.2,27.3,70
2497,191.8,34.16,70
1500,116.4,22.7,31
2317,160.6,37.43333333,57
2483,141.6,37.3,61
2454,214.6,38.3,79
5763,127.6,25.4,102
1461,180,28,57
3882,96.6,22.8,47
2933,102,17,61
5611,130.4,22.6,61
6042,178.4,16.55,52
4632,151.6,28.3,61
4480,160.9,28.77,62
1463,150.7,30,59
642,170.1,27.2,61
2010,153.3,35.34,63
3917,172,26.3,54
777,123.4,20.2,59
1852,128.5,19.55,52
2697,144,24.7,54
4213,117.8,34.6,60
4704,143.47,22.5,71
2699,149,23.6,61
5948,125.8,26.4,49
4626,171.6,28.6,59
4973,158.33,24.27,68
6054,200.2,35.2,80
2245,173,28.12,56
5450,143.35,26.46,38
3647,155.7,27.75,70
4831,177.577,34.98,66
4293,131,17.1,60
4453,187,42.35,78
4410,182.1,37.4,71
1887,192.2,22.5,56
1024,154.4,26.98,50
509,162.1,33.95,65
4871,130,38,73
5074,153.4,24.5,59
6006,155.8,33.26,47
3985,136.4,27.4,56
4978,187,30.6,62
2626,88.4,27.5,51
2476,150,30,63
5916,71.83333,19.66667,49
3235,205.8,24.8,57
697,133.2,26.2,45
4530,150.9,26.04,63
3601,164,20,70
1662,142.2,26.76,55
2017,123.88,26.3,73
3098,133.6,38.4,49
4241,138.8,28.2,39
1935,190,23.9,61
378,154.4,39,56
3403,176,26.7,45
4242,119,21.6,68
3281,163.06,20.46666667,68
27,141.67,28.13,50
3615,148,19.4,63
1467,153.8,25.6,59
4553,148.834,30.2,63
3822,148.2,20.6,68
2873,88,16.8,45
3198,157.2,40,48
5244,197.8,27.8,58
6025,190.1,22.49,49
3114,147.2,32.88,44
5256,170.3,28.3,91
5291,175.3,15.3,77.5
4254,152.2,28.4,49
6055,155.8,24.8,43
4723,166.6,29.15,72
2983,102.4,26.68,46
4720,173.73,34.67,63
2566,176.2,32.83333333,68
2917,114.4,17.2,57
4781,143.53,24.73,64
311,126.2,30.8,48
5231,178.4,32.5,73
1866,161.6,28.4,59
1927,176.2,24.7,64
2649,139,6.7,56
78,152,33.5,68
4814,131.53,25.86,66
1353,207,22.2,67
2108,123.2,30,64
2551,126.4,22,73
2949,129.1,32.3,53
4050,229.6,26.35,68
1414,144.4,23,44
5699,105.6,15.8,35
4390,194.2,28.8,74
2158,128.3,16,95
2548,NA,NA,NA
3604,164,31.8,64
1163,143,33.88,59
2896,145.2,20.88,51
4218,159.4,34.2,65
744,149.7,28.8,67
3622,120,12.6,39
2089,177.54,32.18,60
5951,125.2,23.2,46
1375,153,22.8,68
3716,191.4,29.2,62
4256,101.7,17.7,56
4543,204.02,21.9,85
1605,104,29.1,46
4247,165.6,12.3,50
1976,167.4,24.4,60
5011,126.13,21.13,59
2549,105.5,24.1,79
5442,154.05,39.31,27
3404,147,30.6,45
5132,153.4,27,61
1895,148,20.2,54
2498,194.2,33.66,62
